PC1,PC2,PC3,PC4
0.503823605979238,-0.454998722825945,0.708854691991456,0.191475747619728
-0.302368162427259,-0.88914418628073,-0.33116281194471,-0.0912540538190686
0.576788062981556,-0.0337880235276498,-0.219279277825672,-0.786187317491405
0.567495197169478,-0.0354562786545869,-0.582900348209556,0.580447445985183
